,Unnamed: 0,# Holes,City,Country,Course,Postal Code,Rating,State/Province,Course Address
0,0,18,Ahoskie,United States,Ahoskie Creek Park,27910,5 Average: 5 (1 vote),North Carolina,"1160 Memorial Drive, Ahoskie, NC"
1,1,9,Burlington,United States,Alamance Reserve Apartments,27215,0 No votes yet,North Carolina,"1720 Old St. Marks Church Rd., Burlington, NC"
2,2,18,Lillington,United States,Anderson Creek,27546,4 Average: 4 (1 vote),North Carolina,"1492 Nursery Road, Lillington, NC"
3,3,18,Carrboro,United States,Anderson Park Disc Golf,27510,2.4 Average: 2.4 (5 votes),North Carolina,"302 NC 54, Carrboro, NC"
4,4,18,Apex,United States,Apex Nature Park,27502,4.5 Average: 4.5 (2 votes),North Carolina,"2600 Evans Rd., Apex, NC"
5,5,18,Pilot Mountain,United States,Armfield Civic Center,27041,0 No votes yet,North Carolina,"873 Old US 52 Bypass, Pilot Mountain, NC"
6,6,18,Fayetteville,United States,Arnette Park,28304,3.5 Average: 3.5 (4 votes),North Carolina,"Old Wilmington Highway, Fayetteville, NC"
7,7,18,Wilmington,United States,Arrowhead Park,28412,3 Average: 3 (2 votes),North Carolina,"Arnold Dr, Wilmington, NC"
8,8,18,Jefferson,United States,Ashe County Park Disc Golf Course,28640,4.4 Average: 4.4 (5 votes),North Carolina,"527 Ashe Park Road, Jefferson, NC"
9,9,18,Apex,United States,Avalon Peaks Apartments,27539,0 No votes yet,North Carolina,"2000 Kiftsgate Lane, Apex, NC"
10,10,18,Ayden,United States,Ayden Park,28513,0 No votes yet,North Carolina,"3869 Jolly Rd., Ayden, NC"
11,11,21,Cornelius,United States,Bailey Road Park,28031,3 Average: 3 (2 votes),North Carolina,"11536 Bailey Rd., Cornelius, NC"
12,12,18,Greensboro,United States,Barber Park,27401,3.2 Average: 3.2 (5 votes),North Carolina,"1798 Dans Rd, Greensboro, NC"
13,13,18,Kinston,United States,Barnet Park,28504,3.5 Average: 3.5 (2 votes),North Carolina,"3607 Sand Clay Rd, Kinston, NC"
14,14,18,Robbins,United States,Bear Creek Disc Golf Course,27325,0 No votes yet,North Carolina,"150 Water Plant Rd, Robbins, NC"
15,15,9,Tuckasegee,United States,Bear Lake Reserve Disc Golf Course,28783,0 No votes yet,North Carolina,"412 Lake Forest Dr., Tuckasegee, NC"
16,16,18,Monroe,United States,Bearskin Creek at Dickerson Park,28110,0 No votes yet,North Carolina,"899 N Johnson St, Monroe, NC"
17,17,9,Denver,United States,Beatty's Ford Park,28037,0 No votes yet,North Carolina,"Shipley Ln, Denver, NC"
18,18,18,Washington,United States,Beaufort County Community College Disc Golf Course,27889,5 Average: 5 (1 vote),North Carolina,"5337 US Hwy 264 E, Washington, NC"
19,19,18,Beech Mountain,United States,Beech Mountain Resort Disc Golf,28604,0 No votes yet,North Carolina,"5337 US Hwy 264 E, Washington, NC"
20,20,18,Statesville,United States,Bell & Howard Chevrolet Disc Golf Course,28625,4 Average: 4 (1 vote),North Carolina,"1750 Simonton Rd., Statesville, NC"
21,21,9,Elon,United States,Beth Schmidt Park Disc Golf Course,27244,2.5 Average: 2.5 (2 votes),North Carolina,"300 Cook Rd, Elon, NC"
22,22,9,Bethel,United States,Bethel Elementary School,28716,0 No votes yet,North Carolina,"4700 Old River Road, Bethel, NC"
23,23,9,Morganton,United States,Bethel Park Disc Golf Course,28655,3 Average: 3 (1 vote),North Carolina,"800 Bethel Rd, Morganton, NC"
24,24,9,Winston-Salem,United States,Bethel United Methodist Church Disc Golf Course,27103,4 Average: 4 (1 vote),North Carolina,"2170 Bethel Church Rd, Winston-Salem, NC"
25,25,18,Durham,United States,Bethesda Park,27703,3.6 Average: 3.6 (5 votes),North Carolina,"1814 Stage Road, Durham, NC"
26,26,9,Lincolnton,United States,Betty G. Ross Park,28092,0 No votes yet,North Carolina,"807 S Grove St, Lincolnton, NC"
27,27,9,Oak Island,United States,Bill Smith Park,28465,1 Average: 1 (2 votes),North Carolina,"Long Beach Rd. and Fish Factory Rd., Oak Island, NC"
28,28,18,Black Mountain,United States,Black Mountain,28711,3.6 Average: 3.6 (5 votes),North Carolina,"River Trail Loop, Black Mountain, NC"
29,29,18,Black Mountain,United States,Black Mountain YMCA,28711,0 No votes yet,North Carolina,"84 Blue Ridge Assembly, Black Mountain, NC"
30,30,18,Davidson,United States,Brackett's Bluff,28036,0 No votes yet,North Carolina,"20748 Shearer Rd, Davidson, NC"
31,31,18,Huntersville,United States,Bradford Park,28078,4 Average: 4 (1 vote),North Carolina,"17005 Davidson-Concord Rd., Huntersville, NC"
32,32,18,Gastonia,United States,Bradley Center Disc Golf Course,28054,4 Average: 4 (1 vote),North Carolina,"1200 N. Modena St., Gastonia, NC"
33,33,18,Brevard,United States,Brevard College Disc Golf Course,28712,3 Average: 3 (1 vote),North Carolina,"651 Kings Creek Loop, Brevard, NC"
34,34,19,New Hill,United States,Buckhorn at Harris Lake County Park,27562,4.4 Average: 4.4 (5 votes),North Carolina,"2112 County Park Dr, New Hill, NC"
35,35,18,Carthage,United States,Camp Durant,28327,0 No votes yet,North Carolina,"Bethlehem Church Rd. and Mt. Carmel Rd., Carthage, NC"
36,36,18,Black Mountain,United States,Camp Rockmont Disc Golf Course,28711,0 No votes yet,North Carolina,"375 Lake Eden Rd, Black Mountain, NC"
37,37,18,Buies Creek,United States,Campbell University Campus Recreation Disc Golf Course,27546,2 Average: 2 (1 vote),North Carolina,"Howard Dr., Buies Creek, NC"
38,38,18,Waxhaw,United States,Cane Creek Park,28173,0 No votes yet,North Carolina,"5213 Harkey Rd, Waxhaw, NC"
39,39,18,Kill Devil Hills,United States,Casey R. Logan Disc Golf Course,27948,3 Average: 3 (1 vote),North Carolina,"Veterans Drive, Kill Devil Hills, NC"
40,40,18,Castle Hayne,United States,Castle Hayne Park,28429,5 Average: 5 (6 votes),North Carolina,"4700 Old Ave, Castle Hayne, NC"
41,41,18,Cullowhee,United States,Catamount Links,28723,3 Average: 3 (2 votes),North Carolina,"Centennial Dr. and Norton Way, Cullowhee, NC"
42,42,9,Salisbury,United States,Catawba College,28144,0 No votes yet,North Carolina,"2300 West Innes St, Salisbury, NC"
43,43,18,Morganton,United States,Catawba Meadows,28655,0 No votes yet,North Carolina,"701 Sanford Dr., Morganton, NC"
44,44,6,Elkin,United States,CB Eller Elementary School,28621,0 No votes yet,North Carolina,"1288 C B Eller School Rd, Elkin, NC"
45,45,18,Raleigh,United States,Cedar Hills Rotary Park,27604,4.4 Average: 4.4 (5 votes),North Carolina,Not Available
46,46,18,Burlington,United States,Cedarock DGC at Cedarock Park,27215,4 Average: 4 (5 votes),North Carolina,"4500 R Dean Coleman Rd, Burlington, NC"
47,47,2,Charlotte,United States,Chantilly Park,28205,0 No votes yet,North Carolina,"Wyanoke Ave, Charlotte, NC"
48,48,6,Pittsboro,United States,Chatham County Community College,27312,0 No votes yet,North Carolina,"197 NC Hwy 87 N, Pittsboro, NC"
49,49,9,BLowing Rock,United States,Chetola Resort Disc Golf Course,28605,0 No votes yet,North Carolina,"185 Chetola Lake Dr, BLowing Rock, NC"
50,50,18,Albemarle,United States,City Lake Park,28001,0 No votes yet,North Carolina,"815 Concord Rd, Albemarle, NC"
51,51,18,Durham,United States,Cornwallis Road Park,27705,2.8 Average: 2.8 (5 votes),North Carolina,"2918 Wade Road, Durham, NC"
52,52,9,Boiling Springs Lakes,United States,Cougar Country,28461,3.5 Average: 3.5 (2 votes),North Carolina,"1 Leeds Rd, Boiling Springs Lakes, NC"
53,53,18,Winterville,United States,Covenant,28590,2 Average: 2 (1 vote),North Carolina,"4000 Corey Road, Winterville, NC"
54,54,18,Marion,United States,Creek Wise Park,28752,0 No votes yet,North Carolina,"930 Shady Lane, Marion, NC"
55,55,18,Indian Trail,United States,Creekside Disc Golf Course at Crooked Creek Park,28079,0 No votes yet,North Carolina,"5900 Oakwood Ln, Indian Trail, NC"
56,56,18,New Bern,United States,Creekside Park,28560,0 No votes yet,North Carolina,"1821 Old Airport Rd, New Bern, NC"
57,57,22,Archdale,United States,Creekside Park,27263,4 Average: 4 (2 votes),North Carolina,"214 Park Dr, Archdale, NC"
58,58,9,Shelby,United States,Crest High School,28152,0 No votes yet,North Carolina,"800 Old Boiling Springs Rd, Shelby, NC"
59,59,18,Stallings,United States,Crooked Creek Crossing,28104,3 Average: 3 (2 votes),North Carolina,"1025 Fair Oaks Dr., Stallings, NC"
60,60,9,Fletcher,United States,Crookston Disc Golf Course,28732,1.666665 Average: 1.7 (3 votes),North Carolina,"85 Howard Gap Rd, Fletcher, NC"
61,61,9,Waxhaw,United States,Cuthbertson Middle School,28173,0 No votes yet,North Carolina,"1400 Cuthbertson Rd, Waxhaw, NC"
62,62,18,Davidson,United States,Davidson College,28036,0 No votes yet,North Carolina,"108 Nelson Ln, Davidson, NC"
63,63,21,Burlington,United States,Deep Creek Dreams,27217,0 No votes yet,North Carolina,"2360 Deep Creek Church Rd, Burlington, NC"
64,64,9,Concord,United States,Dorton Park Disc Golf Course,28025,3 Average: 3 (1 vote),North Carolina,"5790 Poplar Tent Road, Concord, NC"
65,65,18,Monroe,United States,Dry Creek,28110,0 No votes yet,North Carolina,"4209 Old Charlotte Highway, Monroe, NC"
66,66,18,Greenville,United States,East Carolina University,27834,4.5 Average: 4.5 (2 votes),North Carolina,"3764 U.S. 264, Greenville, NC"
67,67,18,Clayton,United States,East Clayton Park,27527,0 No votes yet,North Carolina,"1774 Glen Laurel Rd, Clayton, NC"
68,68,18,Salisbury,United States,Ellis Park Disc Golf Course,28144,3 Average: 3 (1 vote),North Carolina,"3541 Old Mocksville Road, Salisbury, NC"
69,69,18,Charlotte,United States,Elon Park - Angry Beaver,28277,5 Average: 5 (1 vote),North Carolina,"11408 Ardrey Kell Rd, Charlotte, NC"
70,70,18,Charlotte,United States,Elon Park - Eager Beaver,28277,3.5 Average: 3.5 (2 votes),North Carolina,"11410 Ardrey Kell Rd, Charlotte, NC"
71,71,9,Emerald Isle,United States,Emerald Isle Woods,28594,0 No votes yet,North Carolina,"9404 Coast Guard Rd, Emerald Isle, NC"
72,72,18,Rocky Mount,United States,Englewood Park,27804,4 Average: 4 (2 votes),North Carolina,"174 Old Mill Rd., Rocky Mount, NC"
73,73,18,Candler,United States,Enka High School Disc Golf Course,28715,4 Average: 4 (2 votes),North Carolina,"479 Enka lake Rd., Candler, NC"
74,74,18,Williamston,United States,Farm Life Disc Golf,27892,3.666665 Average: 3.7 (3 votes),North Carolina,"1223 Kent Roberson Rd, Williamston, NC"
75,75,18,Rocky Mount,United States,Farmington Park,27803,3.5 Average: 3.5 (2 votes),North Carolina,"3017 Wellington Dr., Rocky Mount, NC"
76,76,18,Farmville,United States,Farmville Disc Golf Course,27828,0 No votes yet,North Carolina,"3417 NC-121, Farmville, NC"
77,77,9,Flat Rock,United States,Flat Rock Middle School,28726,3 Average: 3 (1 vote),North Carolina,"191 Preston Ln, Flat Rock, NC"
78,78,18,Fontana Dam,United States,Fontana Village Resort Disc Golf Course,28733,4 Average: 4 (3 votes),North Carolina,"300 Woods Rd, Fontana Dam, NC"
79,79,9,Newport,United States,Fort Benjamin Park,28570,0 No votes yet,North Carolina,"100 McQueen Blvd, Newport, NC"
80,80,18,Albemarle,United States,Fox Chase,28001,4.666665 Average: 4.7 (3 votes),North Carolina,"209 NE Connector, Albemarle, NC"
81,81,18,Concord,United States,Frank Liske Park,28027,0 No votes yet,North Carolina,"4001 Stough Rd, Concord, NC"
82,82,18,Laurinburg,United States,FreeDaddy Disc Golf Course,28352,0 No votes yet,North Carolina,"1700 Dogwood Mile, Laurinburg, NC"
83,83,18,Wilkesboro,United States,Ft. Hamby Park,28697,3 Average: 3 (1 vote),North Carolina,"1534 Recreation Rd, Wilkesboro, NC"
84,84,18,Elizabeth City,United States,Fun Junktion Disc Golf Course,27909,0 No votes yet,North Carolina,"Simpson Ditch Rd and Landfill Rd, Elizabeth City, NC"
85,85,18,Pleasant Garden,United States,Garden Grove,27313,4 Average: 4 (1 vote),North Carolina,"Volunteer Park, Pleasant Garden, NC"
86,86,18,Boiling Springs,United States,Gardner-Webb University Disc Golf Course,28017,0 No votes yet,North Carolina,"110 S. Main St., Boiling Springs, NC"
87,87,18,New Bern,United States,Glenburnie Park,28560,3.333335 Average: 3.3 (3 votes),North Carolina,"Glenburnie Drive, New Bern, NC"
88,88,24,Hickory,United States,Glenn C. Hilton Memorial Park,28601,4.5 Average: 4.5 (2 votes),North Carolina,"2077 6th St. NW, Hickory, NC"
89,89,18,Fayetteville,United States,Glenville Lakes in Mazarick Park,28303,2 Average: 2 (1 vote),North Carolina,"1368 Belvedere Ave., Fayetteville, NC"
90,90,18,Fayetteville,United States,Glenville Pines in Mazarick Park,28303,3 Average: 3 (2 votes),North Carolina,"1612 Belvedere Ave., Fayetteville, NC"
91,91,9,Nashville,United States,Glover Park,27856,0 No votes yet,North Carolina,"1434 S. First St, Nashville, NC"
92,92,18,Belmont,United States,Goat Island Disc Golf Course,28012,0 No votes yet,North Carolina,"300 Greenwood Pl., Belmont, NC"
93,93,18,Richfield,United States,Goose Landing at Richfield Park,28137,4 Average: 4 (1 vote),North Carolina,"Richfield Park, Richfield, NC"
94,94,18,Greensboro,United States,Guilford Meadows,27410,4 Average: 4 (2 votes),North Carolina,"1128 New Garden Road, Greensboro, NC"
95,95,18,Halifax,United States,Halifax County Disc Golf Course,27839,0 No votes yet,North Carolina,"13763 NC-903, Halifax, NC"
96,96,9,Hampstead,United States,Hampstead Kiwanis Park,28443,0 No votes yet,North Carolina,"586 Sloop Point Loop Rd, Hampstead, NC"
97,97,9,Tryon,United States,Harmon Field,28782,4 Average: 4 (1 vote),North Carolina,"Harmon Field Rd, Tryon, NC"
98,98,9,Browns Summit,United States,Haw River State Park Nature Trail Disc Golf,27214,0 No votes yet,North Carolina,"Haw River State Park, Browns Summit, NC"
99,99,6,Creedmoor,United States,Hawley Middle School,27522,0 No votes yet,North Carolina,"2173 Brassfield Rd, Creedmoor, NC"
100,100,18,Clyde,United States,Haywood Community College,28721,3.5 Average: 3.5 (2 votes),North Carolina,"185 Freelander Dr., Clyde, NC"
101,101,9,Andrews,United States,Heritage Park,28901,0 No votes yet,North Carolina,"175 Wilson St, Andrews, NC"
102,102,18,Fuquay Varina,United States,Higher Ground,27526,0 No votes yet,North Carolina,"8701 Sanford Ave., Fuquay Varina, NC"
103,103,20,North Wilkesboro,United States,Highland Hills Disc Golf Course - North Wilkesboro,28659,4 Average: 4 (1 vote),North Carolina,"22 South Park Road, North Wilkesboro, NC"
104,104,9,Hildebran,United States,Hildebran Community Park Disc Golf Course,28637,0 No votes yet,North Carolina,"Old State Hwy 10 & 1st St SE, Hildebran, NC"
105,105,18,Carthage,United States,Hillcrest Park Disc Golf Course,28327,2.5 Average: 2.5 (2 votes),North Carolina,"Hillcrest Park Ln, Carthage, NC"
106,106,18,Rockingham,United States,Hinson Lake Disc Golf Course,28379,5 Average: 5 (1 vote),North Carolina,"152 Hinson Lake Rd, Rockingham, NC"
107,107,18,Winston-Salem,United States,Horizons Park,27105,3.5 Average: 3.5 (2 votes),North Carolina,"2600 Memorial Industrial School Rd., Winston-Salem, NC"
108,108,18,Charlotte,United States,Hornets Nest Park,28216,0 No votes yet,North Carolina,"6301 Beatties Ford Rd, Charlotte, NC"
109,109,9,Hudson,United States,Hudson Middle School Disc Golf Course,28638,0 No votes yet,North Carolina,"192 Pine Mtn Rd, Hudson, NC"
110,110,18,Thomasville,United States,Hughes Park Disc Golf Course,27360,0 No votes yet,North Carolina,"Ed Hughes Park, Thomasville, NC"
111,111,18,Research Triangle Park,United States,IBM Research Triangle,27709,4 Average: 4 (1 vote),North Carolina,"3039 E Cornwallis Rd, Research Triangle Park, NC"
112,112,9,Forest City,United States,Isothermal Community College,28160,0 No votes yet,North Carolina,"286 ICC Loop Rd, Forest City, NC"
113,113,8,Angier,United States,Jack Marley Park,27501,1 Average: 1 (2 votes),North Carolina,"145 E. Williams St, Angier, NC"
114,114,18,Cullowhee,United States,Jackson County Rec Center Disc Golf Course,28723,0 No votes yet,North Carolina,"88 Cullowhee Mountain Road, Cullowhee, NC"
115,115,18,Hendersonville,United States,Jackson Park,28792,5 Average: 5 (1 vote),North Carolina,"801 Glover St, Hendersonville, NC"
116,116,18,Newton,United States,Jacob Fork Park,28658,0 No votes yet,North Carolina,"3730 NC Hwy 10, Newton, NC"
117,117,18,Kure Beach,United States,Joe Eakes Park at Kure Beach,28449,4 Average: 4 (1 vote),North Carolina,"S 7th Ave and Ave J, Kure Beach, NC"
118,118,18,High Point,United States,Johnson Street Park,27260,4.142855 Average: 4.1 (7 votes),North Carolina,"3820 Johnson Street, High Point, NC"
119,119,17,Holly Springs,United States,Jones Park,27540,3 Average: 3 (1 vote),North Carolina,"401 Holly Springs Rd, Holly Springs, NC"
120,120,18,McLeansville,United States,Keeley Park,27301,0 No votes yet,North Carolina,"4110 Keeley Rd, McLeansville, NC"
121,121,9,Salisbury,United States,Kelsey Scott Park,28144,2 Average: 2 (1 vote),North Carolina,"1920 Old Wilkesboro Rd, Salisbury, NC"
122,122,18,Raleigh,United States,Kentwood,27606,3 Average: 3 (5 votes),North Carolina,"4531 Kaplan Dr., Raleigh, NC"
123,123,18,Charlotte,United States,Kilborne TPC,28205,0 No votes yet,North Carolina,"2600 Kilborne Dr, Charlotte, NC"
124,124,9,Troy,United States,King's Mountain Point,27371,0 No votes yet,North Carolina,"King's Mountain Point, Troy, NC"
125,125,9,Kings Mountain,United States,Kings Mountain High School,28086,0 No votes yet,North Carolina,"500 Phifer Rd, Kings Mountain, NC"
126,126,18,Goldsboro,United States,Kiwanis Disc Golf at Berkeley Park,27534,0 No votes yet,North Carolina,"3200 Cashwell Dr, Goldsboro, NC"
127,127,18,Semora,United States,Kraken Disc Golf at Hyco Lake Park,27343,0 No votes yet,North Carolina,"Pointer Drive, Semora, NC"
128,128,12,China Grove,United States,Lake Corriher Disc Golf Course,28023,0 No votes yet,North Carolina,"951 Kimball Rd, China Grove, NC"
129,129,18,Arden,United States,Lake Julian Disc Golf Course,28704,4 Average: 4 (1 vote),North Carolina,"Lake Julian Dr, Arden, NC"
130,130,9,Roanoke Rapids,United States,Lake Park,27870,0 No votes yet,North Carolina,"145 Oakwood Ave., Roanoke Rapids, NC"
131,131,18,Wilson,United States,Lake Wilson,27893,0 No votes yet,North Carolina,"4641 Lake Wilson Road, Wilson, NC"
132,132,18,Reidsville,United States,Lake's Edge,27320,4 Average: 4 (3 votes),North Carolina,"Lake Reidsville Park, Reidsville, NC"
133,133,9,Banner Elk,United States,Lees-McRae College Disc Golf Course,28604,4 Average: 4 (1 vote),North Carolina,"191 Main Street W, Banner Elk, NC"
134,134,18,Chapel Hill,United States,Leigh Farm Park,27517,4 Average: 4 (2 votes),North Carolina,"370 Leigh Farm Rd, Chapel Hill, NC"
135,135,9,Leland,United States,Leland Municipal Park,28451,0 No votes yet,North Carolina,"113 Town Hall Dr, Leland, NC"
136,136,9,Morrisville,United States,Lenovo Disc Golf Course,27560,0 No votes yet,North Carolina,"8001 Developmental Drive, Morrisville, NC"
137,137,9,Cary,United States,LORD Corp,27511,0 No votes yet,North Carolina,"111 Lord Drive, Cary, NC"
138,138,9,Troy,United States,Lowe Warner Park,27371,0 No votes yet,North Carolina,"821 Callicutt St, Troy, NC"
139,139,9,Lowell,United States,Lowell Elementary School,28098,0 No votes yet,North Carolina,"1500 Power Dr, Lowell, NC"
140,140,18,Lumberton,United States,Luther Britt Park,28358,4.5 Average: 4.5 (2 votes),North Carolina,"798 Branch St, Lumberton, NC"
141,141,9,Franklin,United States,Macon Early College Disc Golf Course,28734,0 No votes yet,North Carolina,"815 Siler Rd, Franklin, NC"
142,142,9,Franklin,United States,Macon Middle School,28734,0 No votes yet,North Carolina,"1345 Wells Grove Rd, Franklin, NC"
143,143,9,Morrisville,United States,Marcom Woods,27560,0 No votes yet,North Carolina,"7025 Kit Creek Rd, Morrisville, NC"
144,144,2,Marion,United States,Marion Disc Golf Practice Area,28752,1 Average: 1 (1 vote),North Carolina,"199 Hoyle St, Marion, NC"
145,145,18,Mars Hill,United States,Mars Hill College Disc Golf Course,28754,4.333335 Average: 4.3 (3 votes),North Carolina,"109 Dormitory Rd., Mars Hill, NC"
146,146,3,Charlotte,United States,McKee Road Elementary,28270,0 No votes yet,North Carolina,"4101 McKee Rd, Charlotte, NC"
147,147,9,Canton,United States,Meadowbrook Elementary Disc Golf Course,28716,0 No votes yet,North Carolina,"85 Morning Star Rd., Canton, NC"
148,148,9,Thomasville,United States,Memorial Park,27361,0 No votes yet,North Carolina,"20 Stadium Dr, Thomasville, NC"
149,149,18,Apex,United States,Middle Creek High School,27539,4 Average: 4 (2 votes),North Carolina,"123 Middle Creek Parkway, Apex, NC"
150,150,12,Fayetteville,United States,Middle River Disc Golf Course,28312,2 Average: 2 (3 votes),North Carolina,"2010 Middle River Loop, Fayetteville, NC"
151,151,9,Charlotte (Mint Hill),United States,Mint Hill Park,28212,3 Average: 3 (1 vote),North Carolina,"8850 Fairview Rd., Charlotte (Mint Hill), NC"
152,152,9,Mount Airy,United States,Mount Airy High School,27030,0 No votes yet,North Carolina,"1011 N South St, Mount Airy, NC"
153,153,9,Burnsville,United States,Mountain Heritage High School,28714,0 No votes yet,North Carolina,"333 Mountain Heritage High School Rd, Burnsville, NC"
154,154,9,Mt. Olive,United States,Mt. Olive College,28365,0 No votes yet,North Carolina,"634 Henderson St, Mt. Olive, NC"
155,155,18,Rocky Mount,United States,Nash Community College,27804,0 No votes yet,North Carolina,"3424 North Old Carriage Road, Rocky Mount, NC"
156,156,9,Raleigh,United States,NC State Centennial Campus,27606,3.333335 Average: 3.3 (3 votes),North Carolina,"Main Campus Dr., Raleigh, NC"
157,157,18,Charlotte,United States,Nevin Park Disc Golf Course,28269,0 No votes yet,North Carolina,"6000 Statesville Rd., Charlotte, NC"
158,158,18,Cameron,United States,No Man's Land,28326,0 No votes yet,North Carolina,"1266 Cameron Hill Rd, Cameron, NC"
159,159,18,Asheboro,United States,North Asheboro Park,27203,2 Average: 2 (1 vote),North Carolina,"1939 Canoy Dr, Asheboro, NC"
160,160,18,Jacksonville,United States,Northeast Creek Park,28546,4 Average: 4 (2 votes),North Carolina,"Corbin St & Shadowridge Rd, Jacksonville, NC"
161,161,18,Gibsonville,United States,Northeast Park - Holly Run,27249,2 Average: 2 (1 vote),North Carolina,"4010 High Rock Road, Gibsonville, NC"
162,162,18,Sanford,United States,O. T. Sloan Park,27330,3 Average: 3 (2 votes),North Carolina,"1402 Bragg St, Sanford, NC"
163,163,18,Oakboro,United States,Oakboro District Park,28129,0 No votes yet,North Carolina,"423 S. Main Street, Oakboro, NC"
164,164,9,Black Mountain,United States,Owen High Nature Trail Disc Golf,28711,2 Average: 2 (1 vote),North Carolina,"99 Lake Eden Rd., Black Mountain, NC"
165,165,9,Shelby,United States,Palmer Park Disc Golf Course,28150,0 No votes yet,North Carolina,"498 E Warren St, Shelby, NC"
166,166,10,Mebane,United States,Persimmon Hollar,27302,0 No votes yet,North Carolina,"5407 Lynch Store Rd, Mebane, NC"
167,167,9,Rockingham,United States,Piedmont Natural Gas,28379,4 Average: 4 (1 vote),North Carolina,"185 Enterprise Drive, Rockingham, NC"
168,168,18,Southern Pines,United States,Pine Cone Crush at Reservoir Park,28387,3.5 Average: 3.5 (2 votes),North Carolina,"Reservoir Park Dr., Southern Pines, NC"
169,169,9,Charlotte,United States,Pinewood Elementary Disc Golf Course,28210,0 No votes yet,North Carolina,"805 Seneca Place, Charlotte, NC"
170,170,18,Greensboro,United States,Piney Lake Disc Golf Course,27406,0 No votes yet,North Carolina,"4016 Blumenthal Rd, Greensboro, NC"
171,171,9,Black Mountain,United States,Pisgah Brewery,28711,0 No votes yet,North Carolina,"150 Eastside Dr, Black Mountain, NC"
172,172,18,Charlotte,United States,Plantation Ruins at Winget,28278,4 Average: 4 (1 vote),North Carolina,"12235 Winget Rd., Charlotte, NC"
173,173,9,Burlington,United States,Pleasant Grove Community Center,27217,0 No votes yet,North Carolina,"3958 NC-49, Burlington, NC"
174,174,9,Thomasville,United States,Pleasant Grove Disc Golf Course,27360,3.5 Average: 3.5 (2 votes),North Carolina,"1393 Hasty School Rd, Thomasville, NC"
175,175,18,Seagrove,United States,Potter's Grove at Presnell Park,27205,0 No votes yet,North Carolina,"5199 Seagrove Plank Rd, Seagrove, NC"
176,176,18,Gastonia,United States,Rankin Lake Disc Golf Course,28052,4 Average: 4 (1 vote),North Carolina,"1750 Rankin Lake Rd., Gastonia, NC"
177,177,9,Kernersville,United States,Re3 Disc Golf Course,27284,0 No votes yet,North Carolina,"1474 Kerner Rd., Kernersville, NC"
178,178,9,Hudson,United States,Redwood Park,28638,0 No votes yet,North Carolina,"470 Redwood St, Hudson, NC"
179,179,18,Charlotte,United States,Reedy Creek Park,28215,4.25 Average: 4.3 (4 votes),North Carolina,"2900 Rocky River Rd, Charlotte, NC"
180,180,18,Charlotte,United States,Renaissance Park - Gold,28217,4.666665 Average: 4.7 (3 votes),North Carolina,"1200 W Tyvola Rd, Charlotte, NC"
181,181,18,Charlotte,United States,Renaissance Park - Pro Players,28217,0 No votes yet,North Carolina,"1200 W Tyvola Rd, Charlotte, NC"
182,182,18,Charlotte,United States,Renaissance Park - RenSke,28217,0 No votes yet,North Carolina,"1200 W Tyvola Rd, Charlotte, NC"
183,183,9,Denver,United States,Rescue Squad Park,28037,0 No votes yet,North Carolina,"889 Galway Lane, Denver, NC"
184,184,9,Hope Mills,United States,Resurrection Park,28348,0 No votes yet,North Carolina,"1419 H. Bullard Rd, Hope Mills, NC"
185,185,21,Richlands,United States,Richlands-Steed Park,28574,3 Average: 3 (1 vote),North Carolina,"298 Francktown Rd, Richlands, NC"
186,186,18,Asheville,United States,Richmond Hill,28806,4.5 Average: 4.5 (8 votes),North Carolina,"Richmond Hill Dr, Asheville, NC"
187,187,18,Ridgecrest,United States,Ridgecrest Conference Center,28770,0 No votes yet,North Carolina,"1 Ridgecrest Dr, Ridgecrest, NC"
188,188,9,Louisburg,United States,River Bend Park,27549,0 No votes yet,North Carolina,"S. Church St. at W. Johnson St., Louisburg, NC"
189,189,9,Mount Holly,United States,River Street Park,28120,0 No votes yet,North Carolina,"329 N River St, Mount Holly, NC"
190,190,9,Midland,United States,Rob Wallace Park,28107,5 Average: 5 (1 vote),North Carolina,"12900 Bethel School Rd, Midland, NC"
191,191,18,Cornelius,United States,Robbins Park,28031,0 No votes yet,North Carolina,"Westmoreland Athletic Complex, Cornelius, NC"
192,192,18,Moncure,United States,Rock Ridge Park DGC,27559,0 No votes yet,North Carolina,"1397 Old Sanford Rd, Moncure, NC"
193,193,22,Roxboro,United States,Rockness Monster,27573,5 Average: 5 (1 vote),North Carolina,"1715 College Drive, Roxboro, NC"
194,194,9,Rolesville,United States,Rolesville High School - Wooden Pond,27571,0 No votes yet,North Carolina,"Rolesville High School, Rolesville, NC"
195,195,18,Wilkesboro,United States,Rolling Pines Disc Golf Course,28697,0 No votes yet,North Carolina,"1011 Old US-421, Wilkesboro, NC"
196,196,18,Mount Airy,United States,Round Peak Disc Golf,27030,0 No votes yet,North Carolina,"765 Round Peak Church Road, Mount Airy, NC"
197,197,18,Asheville,United States,Sandhill Nature Trail Disc Golf Course,28806,0 No votes yet,North Carolina,"50 Apac Drive, Asheville, NC"
198,198,9,Cary,United States,SAS Institute,27513,0 No votes yet,North Carolina,"100 SAS Campus Dr, Cary, NC"
199,199,18,Roxboro,United States,Sasquatch Disc Golf Course,27574,4 Average: 4 (1 vote),North Carolina,"1013 Neal's Store Road, Roxboro, NC"
200,200,9,Sawmills,United States,Sawmills Veterans Park - Orange,28630,0 No votes yet,North Carolina,"Sawmills Veterans Park, Sawmills, NC"
201,201,18,Sawmills,United States,Sawmills Veterans Park - Original 18,28630,4 Average: 4 (1 vote),North Carolina,"5475 Water Works Road, Sawmills, NC"
202,202,18,Laurinburg,United States,Scotland County Disc Golf Course,28352,1 Average: 1 (1 vote),North Carolina,"1403-C West Blvd., Laurinburg, NC"
203,203,9,Pinnacle,United States,Shoals Disc Golf Course,27043,0 No votes yet,North Carolina,"2954 Shoals Rd, Pinnacle, NC"
204,204,18,Rocky Mount,United States,Silver Layke at Rocky Mount Sports Complex,27804,2 Average: 2 (1 vote),North Carolina,"600 Independence Drive, Rocky Mount, NC"
205,205,18,Burnsville,United States,Simple Pleasures Disc Golf Course,28714,0 No votes yet,North Carolina,"Simple Pleasures, Burnsville, NC"
206,206,18,Mt. Ulla,United States,Sloan Park Disc Golf Course,28125,0 No votes yet,North Carolina,"550 Sloan Rd, Mt. Ulla, NC"
207,207,9,Smithfield,United States,Smithfield Community Park,27577,1 Average: 1 (1 vote),North Carolina,"700 E Booker Dairy Rd., Smithfield, NC"
208,208,18,Bostic,United States,South Mountain Christian Camp,28018,5 Average: 5 (1 vote),North Carolina,"1129 South Mountain Rd, Bostic, NC"
209,209,9,Polkton,United States,South Piedmont Community College,28135,0 No votes yet,North Carolina,"680 US 74, Polkton, NC"
210,210,9,Wake Forest,United States,Southeastern Baptist Theological Seminary,27587,4 Average: 4 (1 vote),North Carolina,"120 S Wingate St, Wake Forest, NC"
211,211,18,Chapel Hill,United States,Southern Community,27516,3.285715 Average: 3.3 (7 votes),North Carolina,"1000 Dogwood Acres Dr., Chapel Hill, NC"
212,212,19,Burlington,United States,Springwood Players' Course,27215,3.5 Average: 3.5 (2 votes),North Carolina,"1450 Springwood Church Road, Burlington, NC"
213,213,12,Matthews,United States,Squirrel Lake Park,28105,0 No votes yet,North Carolina,"1631 Pleasant Plains Rd, Matthews, NC"
214,214,9,Stokesdale,United States,Stokesdale Town Park,27357,4 Average: 4 (1 vote),North Carolina,"8325 Angel-Pardue Rd., Stokesdale, NC"
215,215,18,Goldsboro,United States,Stoney Creek Park,27530,0 No votes yet,North Carolina,"2300 E. Ash St., Goldsboro, NC"
216,216,18,Mooresville,United States,Stumpy Creek,28125,5 Average: 5 (1 vote),North Carolina,"150 Stumpy Creek Road, Mooresville, NC"
217,217,18,Charlotte,United States,Sugaw Creek Park,28213,3 Average: 3 (3 votes),North Carolina,"923 W. Sugar Creek Road, Charlotte, NC"
218,218,6,Indian Trail,United States,Sun Valley Middle School,28079,0 No votes yet,North Carolina,"1409 Wesley Chapel Rd, Indian Trail, NC"
219,219,9,Lewisville,United States,Sunrise United Methodist Church,27023,0 No votes yet,North Carolina,"1111 Lewisville Clemmons Rd, Lewisville, NC"
220,220,18,Rocky Mount,United States,Sunset Park,27804,0 No votes yet,North Carolina,"401 N. Taylor St., Rocky Mount, NC"
221,221,9,Hampstead,United States,Surf City Disc Golf Course,28443,4 Average: 4 (1 vote),North Carolina,"102 H20 Place, Hampstead, NC"
222,222,18,Moncure,United States,Swingin' D.B.'s: Rock 'n Roll Fairways,27559,0 No votes yet,North Carolina,"?, Moncure, NC"
223,223,18,Moncure,United States,Swingin' D.B.'s: Swinging Course,27559,4 Average: 4 (1 vote),North Carolina,"1715 Moncure Flatwood Rd, Moncure, NC"
224,224,3,Lenoir,United States,T. Henry Wilson Athletic Park,28645,0 No votes yet,North Carolina,"1010 Powell Rd, Lenoir, NC"
225,225,18,Franklinton,United States,Tar River,27525,0 No votes yet,North Carolina,Not Available
226,226,18,Hickory,United States,The Bear,28602,0 No votes yet,North Carolina,"2575 Mountain View Rd, Hickory, NC"
227,227,18,Mooresville,United States,The Bridges at Cornelius Road Park,28115,0 No votes yet,North Carolina,"247 Cornelius Road, Mooresville, NC"
228,228,9,Oxford,United States,The Incinerator at Granville Athletic Park,27565,0 No votes yet,North Carolina,"4615 Belltown Rd, Oxford, NC"
229,229,18,Greenville,United States,The Meadow at West Meadowbrook Park,27834,4 Average: 4 (2 votes),North Carolina,"900 Melody Lane, Greenville, NC"
230,230,9,Asheville,United States,The Meadows,28806,3 Average: 3 (1 vote),North Carolina,"99 Ascension Dr, Asheville, NC"
231,231,18,Kernersville,United States,The Patriot Disc Golf Course at Triad Park,27282,5 Average: 5 (3 votes),North Carolina,"9652 East Mountain St, Kernersville, NC"
232,232,18,Germanton,United States,The Rock at Stonewall,27019,5 Average: 5 (1 vote),North Carolina,"3200 S Friendship Rd, Germanton, NC"
233,233,18,Matthews,United States,The Scrapyard at Idlewild Park,28105,4 Average: 4 (1 vote),North Carolina,"10512 Idlewild Rd, Matthews, NC"
234,234,9,Etowah,United States,Tom Mantsch Disc Golf Course,28739,0 No votes yet,North Carolina,"447 Etowah School Rd, Etowah, NC"
235,235,18,Charlotte,United States,Torma Town Disc Golf Course,28214,0 No votes yet,North Carolina,"11624 Carrington Hill Drive, Charlotte, NC"
236,236,9,Elizabethtown,United States,Tory Hole Park Disc Golf Course,28337,0 No votes yet,North Carolina,"191-217 N Poplar St, Elizabethtown, NC"
237,237,9,Carolina Beach,United States,Trinity Disc Golf Course,28428,0 No votes yet,North Carolina,"811 Harper Ave, Carolina Beach, NC"
238,238,9,Troutman,United States,Troutman Park,28166,0 No votes yet,North Carolina,"338 North Ave, Troutman, NC"
239,239,5,Asheville,United States,UNC Asheville,28804,1.666665 Average: 1.7 (3 votes),North Carolina,"University Heights, Asheville, NC"
240,240,20,Chapel Hill,United States,UNC Chapel Hill,27514,3.333335 Average: 3.3 (6 votes),North Carolina,"110 Laurel Hill Rd, Chapel Hill, NC"
241,241,9,Pembroke,United States,UNC Pembroke,28372,0 No votes yet,North Carolina,"Ernest Lowery Rd, Pembroke, NC"
242,242,18,Monroe,United States,Union Academy,28110,0 No votes yet,North Carolina,"675 N Martin Luther King Jr Blvd, Monroe, NC"
243,243,22,Durham,United States,Valley Springs Park,27712,3.8 Average: 3.8 (5 votes),North Carolina,"3999 Valley Springs Rd, Durham, NC"
244,244,9,Concord,United States,Vietnam Veterans Park,28025,0 No votes yet,North Carolina,"760 Orphanage Rd, Concord, NC"
245,245,18,Pinehurst,United States,Village of Pinehurst Disc Golf Course,28374,4 Average: 4 (1 vote),North Carolina,"861 Chicken Plant Rd, Pinehurst, NC"
246,246,9,Ash,United States,Waccamaw Park,28420,3 Average: 3 (1 vote),North Carolina,"5855 Waccamaw School Rd NW, Ash, NC"
247,247,9,Todd,United States,Wahoo's Adventures at New River Outpost,28684,0 No votes yet,North Carolina,"3380 Big Hill Road, Todd, NC"
248,248,9,Ranlo,United States,Warlick Academy Disc Golf,28054,0 No votes yet,North Carolina,"1316 Spencer Mountain Rd, Ranlo, NC"
249,249,9,Washington,United States,Washington High School,27889,0 No votes yet,North Carolina,"578 Slatestone Rd, Washington, NC"
250,250,18,Waxhaw,United States,Waxhaw Elementary School,28173,0 No votes yet,North Carolina,"1101 Old Providence Rd, Waxhaw, NC"
251,251,18,Waynesville,United States,Waynesville Disc Golf Course,28786,3 Average: 3 (2 votes),North Carolina,"550 Vance Street, Waynesville, NC"
252,252,4,Charlotte,United States,Wedgewood North Disc Golf Course,28216,0 No votes yet,North Carolina,"8400 Londonshire Dr, Charlotte, NC"
253,253,9,Thomasville,United States,Welborn Woods Disc Golf Course,27360,0 No votes yet,North Carolina,"8500 E Holly Grove Rd, Thomasville, NC"
254,254,18,Burlington,United States,Wellspring at Cedarock Park,27215,3.8 Average: 3.8 (5 votes),North Carolina,"4698 R Dean Coleman Rd, Burlington, NC"
255,255,18,Wendell,United States,Wendell Disc Golf Course,27591,0 No votes yet,North Carolina,"601 West 3rd Street, Wendell, NC"
256,256,18,Rocky Mount,United States,Wesleyan College Disc Golf Course,27804,0 No votes yet,North Carolina,"3400 N Wesleyan Blvd, Rocky Mount, NC"
257,257,9,Mount Airy,United States,Westwood Park,27030,3 Average: 3 (1 vote),North Carolina,"1250 Galax Trail, Mount Airy, NC"
258,258,6,Fairview,United States,Whistle Hop Disc Golf Course,28730,0 No votes yet,North Carolina,"1288 Charlotte Hwy, Fairview, NC"
259,259,18,Maysville,United States,White Oak River Campground - Front Course,28555,3 Average: 3 (1 vote),North Carolina,"7660 New Bern Hwy, Maysville, NC"
260,260,18,Maysville,United States,White Oak River Campground - Ripple Course,28555,0 No votes yet,North Carolina,"7660 New Bern Hwy, Maysville, NC"
261,261,18,Hampstead,United States,Wild Turkey Disc Golf Course,28443,0 No votes yet,North Carolina,"Contact Jesse Smelik, Hampstead, NC"
262,262,9,Wilson,United States,Williams Day Camp,27893,0 No votes yet,North Carolina,"515 Mt. Vernon Dr NW, Wilson, NC"
263,263,9,Wingate,United States,Wingate University,28174,0 No votes yet,North Carolina,"315 E. Wilson St, Wingate, NC"
264,264,18,Fairview,United States,Wintersun - Long,28730,0 No votes yet,North Carolina,"Wintersun Estate, Fairview, NC"
265,265,11,Fairview,United States,Wintersun - Short,28730,0 No votes yet,North Carolina,"Wintersun Estate, Fairview, NC"
266,266,24,Yadkinville,United States,Yadkin County Park,27055,3.5 Average: 3.5 (2 votes),North Carolina,"6600 Service Rd, Yadkinville, NC"
267,267,18,Zebulon,United States,Zebulon Community Park,27597,3 Average: 3 (1 vote),North Carolina,"401 S Arendell Ave, Zebulon, NC"
